{
  "height": 280.23335367844317,
  "width": 280.23335367844317,
  "x": 461.6292174702985,
  "y": 300.0008516557607,
  "z": 0
}